{"cameraMode":{"drawMode":0,"name":"Shaded","section":"Shading Mode"},"sceneLighting":false,"audioPlay":false,"sceneViewState":{"m_AlwaysRefresh":false,"showFog":true,"showSkybox":false,"showFlares":true,"showImageEffects":true,"showParticleSystems":true,"showVisualEffectGraphs":true,"m_FxEnabled":true},"in2DMode":false,"pivot":{"x":-0.0003654360771179199,"y":0.8450029492378235,"z":-0.03506188839673996},"rotation":{"x":0.38943198323249819,"y":0.19388578832149507,"z":-0.08422905951738358,"w":0.896475076675415},"size":1.34850013256073,"orthographic":false}