{"cameraMode":{"drawMode":0,"name":"Shaded","section":"Shading Mode"},"sceneLighting":false,"audioPlay":false,"sceneViewState":{"m_AlwaysRefresh":false,"showFog":false,"showSkybox":false,"showFlares":false,"showImageEffects":false,"showParticleSystems":false,"showVisualEffectGraphs":true,"m_FxEnabled":true},"in2DMode":false,"pivot":{"x":-5.960464477539063e-8,"y":0.8889560699462891,"z":0.010344088077545166},"rotation":{"x":0.005819179117679596,"y":0.9706242680549622,"z":-0.023600460961461068,"w":0.23938074707984925},"size":0.7560330629348755,"orthographic":false}