{"cameraMode":{"drawMode":0,"name":"Shaded","section":"Shading Mode"},"sceneLighting":false,"audioPlay":false,"sceneViewState":{"m_AlwaysRefresh":false,"showFog":false,"showSkybox":false,"showFlares":false,"showImageEffects":false,"showParticleSystems":false,"showVisualEffectGraphs":true,"m_FxEnabled":true},"in2DMode":false,"pivot":{"x":-0.03809618949890137,"y":1.0093646049499512,"z":-0.026373624801635743},"rotation":{"x":0.00034493740531615913,"y":0.9933696389198303,"z":0.0029799530748277904,"w":-0.11494907736778259},"size":0.6693152785301209,"orthographic":false}