{"cameraMode":{"drawMode":0,"name":"Shaded","section":"Shading Mode"},"sceneLighting":false,"audioPlay":false,"sceneViewState":{"m_AlwaysRefresh":false,"showFog":false,"showSkybox":false,"showFlares":false,"showImageEffects":false,"showParticleSystems":false,"showVisualEffectGraphs":true,"m_FxEnabled":true},"in2DMode":false,"pivot":{"x":0.28976646065711977,"y":0.1377682089805603,"z":1.1483131647109986},"rotation":{"x":-0.0002524323354009539,"y":0.9970957040786743,"z":-0.0032999913673847915,"w":-0.07612597942352295},"size":0.9960506558418274,"orthographic":false}