{"cameraMode":{"drawMode":0,"name":"Shaded","section":"Shading Mode"},"sceneLighting":false,"audioPlay":false,"sceneViewState":{"m_AlwaysRefresh":false,"showFog":false,"showSkybox":false,"showFlares":false,"showImageEffects":false,"showParticleSystems":false,"showVisualEffectGraphs":true,"m_FxEnabled":true},"in2DMode":false,"pivot":{"x":-0.0003654360771179199,"y":0.8450029492378235,"z":-0.03506188839673996},"rotation":{"x":0.005819179117679596,"y":0.9706242680549622,"z":-0.023600460961461068,"w":0.23938074707984925},"size":0.8675349354743958,"orthographic":false}