{"cameraMode":{"drawMode":0,"name":"Shaded","section":"Shading Mode"},"sceneLighting":true,"audioPlay":false,"sceneViewState":{"m_AlwaysRefresh":false,"showFog":true,"showSkybox":true,"showFlares":true,"showImageEffects":true,"showParticleSystems":true,"showVisualEffectGraphs":true,"m_FxEnabled":true},"in2DMode":false,"pivot":{"x":4.674311637878418,"y":3.2240095138549806,"z":2.5353634357452394},"rotation":{"x":-0.2369869500398636,"y":0.41630107164382937,"z":-0.11333824694156647,"w":-0.8704671859741211},"size":2.9882631301879885,"orthographic":false}