{"cameraMode":{"drawMode":0,"name":"Shaded","section":"Shading Mode"},"sceneLighting":true,"audioPlay":false,"sceneViewState":{"m_AlwaysRefresh":false,"showFog":true,"showSkybox":true,"showFlares":true,"showImageEffects":true,"showParticleSystems":true,"showVisualEffectGraphs":true,"m_FxEnabled":true},"in2DMode":false,"pivot":{"x":-0.12078827619552612,"y":1.3909586668014527,"z":-0.16127105057239533},"rotation":{"x":0.07393550872802735,"y":-0.7793902158737183,"z":0.09416411072015763,"w":0.6150941252708435},"size":1.458282709121704,"orthographic":false}