{"cameraMode":{"drawMode":0,"name":"Shaded","section":"Shading Mode"},"sceneLighting":true,"audioPlay":false,"sceneViewState":{"m_AlwaysRefresh":false,"showFog":true,"showSkybox":true,"showFlares":true,"showImageEffects":true,"showParticleSystems":true,"showVisualEffectGraphs":true,"m_FxEnabled":true},"in2DMode":false,"pivot":{"x":0.7445563077926636,"y":0.5789361000061035,"z":1.0691313743591309},"rotation":{"x":0.38943198323249819,"y":0.19388578832149507,"z":-0.08422905951738358,"w":0.896475076675415},"size":2.2549421787261965,"orthographic":false}