{"cameraMode":{"drawMode":0,"name":"Shaded","section":"Shading Mode"},"sceneLighting":true,"audioPlay":false,"sceneViewState":{"m_AlwaysRefresh":false,"showFog":true,"showSkybox":true,"showFlares":true,"showImageEffects":true,"showParticleSystems":true,"showVisualEffectGraphs":true,"m_FxEnabled":true},"in2DMode":false,"pivot":{"x":-0.000414431095123291,"y":0.8605735301971436,"z":0.001974135637283325},"rotation":{"x":0.005819179117679596,"y":0.9706242680549622,"z":-0.023600460961461068,"w":0.23938074707984925},"size":1.3666017055511475,"orthographic":false}