{"cameraMode":{"drawMode":0,"name":"Shaded","section":"Shading Mode"},"sceneLighting":true,"audioPlay":false,"sceneViewState":{"m_AlwaysRefresh":false,"showFog":true,"showSkybox":true,"showFlares":true,"showImageEffects":true,"showParticleSystems":true,"showVisualEffectGraphs":true,"m_FxEnabled":true},"in2DMode":false,"pivot":{"x":4.743478775024414,"y":1.1263551712036133,"z":1.9821553230285645},"rotation":{"x":-0.16025063395500184,"y":0.31293848156929018,"z":-0.05365663766860962,"w":-0.9346182346343994},"size":3.3326351642608644,"orthographic":false}